sensor_id,timestamp,temperature,humidity,location,sensor_type
1004,2025-04-07 15:29:58,26.47,74.36,BuildingA_Floor2,TypeB
1013,2025-04-08 23:09:32,29.86,79.28,BuildingB_Floor1,TypeB
1016,2025-04-09 03:19:18,25.43,77.14,BuildingB_Floor1,TypeC
1038,2025-04-07 01:45:41,22.21,79.22,BuildingA_Floor2,TypeB
1099,2025-04-07 12:40:47,16.03,34.13,BuildingB_Floor1,TypeA
1062,2025-04-07 07:03:48,24.37,68.68,BuildingB_Floor1,TypeC
1024,2025-04-06 18:44:40,21.01,67.86,BuildingA_Floor1,TypeB
1039,2025-04-06 14:48:42,15.61,51.69,BuildingB_Floor2,TypeB
1092,2025-04-07 09:21:12,33.58,51.07,BuildingB_Floor1,TypeC
1001,2025-04-06 19:08:17,32.89,77.43,BuildingB_Floor2,TypeB
1041,2025-04-09 22:49:33,31.08,64.73,BuildingA_Floor1,TypeA
1076,2025-04-09 14:39:35,27.98,36.92,BuildingB_Floor1,TypeA
1003,2025-04-09 17:19:05,18.1,55.36,BuildingA_Floor1,TypeA
1099,2025-04-09 15:30:27,26.54,61.78,BuildingB_Floor1,TypeA
1032,2025-04-08 13:00:32,25.47,73.58,BuildingB_Floor1,TypeC
1084,2025-04-08 23:53:38,31.43,40.03,BuildingB_Floor2,TypeB
1078,2025-04-09 10:57:33,23.01,44.49,BuildingB_Floor2,TypeC
1041,2025-04-10 10:18:26,27.77,78.41,BuildingB_Floor1,TypeC
1074,2025-04-08 21:04:00,28.01,63.59,BuildingA_Floor2,TypeA
1090,2025-04-07 05:23:35,28.87,49.57,BuildingB_Floor2,TypeA
1011,2025-04-07 13:11:24,17.57,54.77,BuildingB_Floor1,TypeB
1024,2025-04-08 17:17:02,29.52,55.05,BuildingA_Floor2,TypeB
1006,2025-04-09 00:40:50,19.39,42.55,BuildingA_Floor1,TypeC
1016,2025-04-09 05:23:52,34.91,79.48,BuildingA_Floor2,TypeA
1092,2025-04-06 12:44:59,22.15,67.62,BuildingA_Floor2,TypeA
1021,2025-04-10 09:55:47,27.81,63.77,BuildingA_Floor1,TypeC
1084,2025-04-06 05:52:03,20.67,44.79,BuildingA_Floor1,TypeA
1052,2025-04-08 06:35:19,18.49,65.38,BuildingB_Floor2,TypeC
1080,2025-04-08 08:58:13,29.48,53.99,BuildingB_Floor1,TypeC
1088,2025-04-05 22:04:33,15.45,66.11,BuildingA_Floor2,TypeB
1033,2025-04-08 07:44:44,31.85,48.88,BuildingA_Floor2,TypeA
1041,2025-04-09 18:26:28,27.73,75.12,BuildingB_Floor2,TypeC
1042,2025-04-07 03:00:33,27.95,68.03,BuildingB_Floor1,TypeC
1048,2025-04-07 17:03:12,32.45,59.89,BuildingA_Floor1,TypeC
1005,2025-04-08 20:31:25,24.54,48.44,BuildingA_Floor1,TypeA
1051,2025-04-06 03:44:43,31.73,48.53,BuildingB_Floor2,TypeB
1060,2025-04-07 20:21:18,20.78,33.29,BuildingA_Floor1,TypeA
1066,2025-04-07 09:31:31,16.69,33.57,BuildingB_Floor1,TypeC
1090,2025-04-06 13:03:40,16.46,35.87,BuildingB_Floor2,TypeC
1018,2025-04-10 08:34:28,19.66,46.51,BuildingA_Floor1,TypeC
1030,2025-04-05 18:50:18,22.3,54.95,BuildingA_Floor1,TypeB
1079,2025-04-07 13:20:30,28.79,55.4,BuildingA_Floor2,TypeA
1003,2025-04-10 03:41:12,33.52,39.19,BuildingA_Floor1,TypeA
1000,2025-04-05 17:05:37,20.58,44.07,BuildingA_Floor2,TypeA
1041,2025-04-09 17:58:01,24.33,38.08,BuildingB_Floor1,TypeA
1091,2025-04-10 08:32:44,16.0,30.3,BuildingA_Floor1,TypeB
1017,2025-04-05 19:21:57,20.85,62.02,BuildingB_Floor2,TypeA
1024,2025-04-10 04:41:53,31.04,40.09,BuildingA_Floor2,TypeC
1026,2025-04-06 20:43:18,32.17,48.11,BuildingB_Floor2,TypeB
1062,2025-04-10 00:57:38,19.13,71.31,BuildingB_Floor1,TypeA
1029,2025-04-09 18:22:52,18.25,69.85,BuildingB_Floor2,TypeC
1021,2025-04-07 22:19:31,31.95,73.57,BuildingA_Floor1,TypeB
1090,2025-04-05 15:19:05,28.94,38.47,BuildingA_Floor1,TypeA
1000,2025-04-09 15:30:31,28.1,35.06,BuildingA_Floor2,TypeC
1063,2025-04-09 02:31:12,15.53,31.95,BuildingA_Floor1,TypeB
1091,2025-04-10 09:33:55,20.95,51.33,BuildingB_Floor1,TypeB
1048,2025-04-09 23:56:10,25.23,40.74,BuildingA_Floor2,TypeC
1087,2025-04-09 23:08:46,26.19,43.2,BuildingB_Floor2,TypeB
1036,2025-04-05 20:01:29,31.06,38.93,BuildingB_Floor2,TypeB
1031,2025-04-10 00:08:54,18.65,52.13,BuildingA_Floor2,TypeC
1077,2025-04-10 03:15:12,25.78,47.11,BuildingA_Floor1,TypeC
1091,2025-04-06 16:36:41,24.94,72.62,BuildingA_Floor2,TypeC
1075,2025-04-10 01:18:30,23.48,66.09,BuildingA_Floor2,TypeC
1062,2025-04-06 02:08:39,19.16,68.85,BuildingA_Floor1,TypeA
1057,2025-04-06 04:54:06,19.18,44.6,BuildingB_Floor1,TypeC
1037,2025-04-07 20:50:53,27.39,40.05,BuildingA_Floor2,TypeB
1039,2025-04-10 03:23:18,30.49,71.69,BuildingA_Floor1,TypeB
1063,2025-04-09 05:20:31,27.56,30.56,BuildingA_Floor2,TypeB
1010,2025-04-09 08:36:13,33.11,54.57,BuildingB_Floor2,TypeC
1063,2025-04-10 05:33:27,23.4,42.94,BuildingA_Floor1,TypeB
1019,2025-04-08 04:30:14,18.91,43.55,BuildingB_Floor1,TypeA
1050,2025-04-07 16:55:47,30.05,43.95,BuildingA_Floor1,TypeA
1097,2025-04-09 14:19:30,15.22,65.41,BuildingA_Floor2,TypeB
1097,2025-04-08 14:45:31,19.82,46.52,BuildingA_Floor1,TypeC
1033,2025-04-10 03:58:40,34.05,45.01,BuildingB_Floor1,TypeC
1017,2025-04-09 12:40:18,33.94,45.71,BuildingA_Floor1,TypeB
1077,2025-04-09 08:11:13,32.71,57.73,BuildingB_Floor2,TypeA
1008,2025-04-07 06:34:02,27.33,62.85,BuildingA_Floor2,TypeA
1018,2025-04-07 01:13:03,26.83,70.93,BuildingB_Floor1,TypeC
1016,2025-04-08 07:18:00,34.65,74.21,BuildingB_Floor2,TypeA
1092,2025-04-09 04:39:09,23.97,64.47,BuildingA_Floor1,TypeC
1023,2025-04-09 15:18:50,30.87,56.23,BuildingB_Floor2,TypeA
1069,2025-04-06 02:30:01,24.63,63.45,BuildingB_Floor1,TypeC
1084,2025-04-10 02:16:15,34.84,45.34,BuildingB_Floor1,TypeA
1098,2025-04-07 03:26:37,18.01,62.78,BuildingA_Floor2,TypeA
1081,2025-04-08 03:53:49,18.85,49.25,BuildingA_Floor2,TypeB
1084,2025-04-08 09:54:04,32.61,79.36,BuildingA_Floor1,TypeC
1068,2025-04-06 23:43:09,29.52,58.1,BuildingB_Floor2,TypeA
1015,2025-04-10 13:52:08,20.13,69.78,BuildingA_Floor1,TypeB
1025,2025-04-07 12:01:50,15.58,65.18,BuildingB_Floor1,TypeA
1071,2025-04-07 17:04:01,30.21,50.28,BuildingB_Floor2,TypeC
1052,2025-04-06 10:22:14,16.81,77.95,BuildingB_Floor2,TypeC
1012,2025-04-08 19:58:00,15.78,77.49,BuildingB_Floor1,TypeA
1098,2025-04-10 08:23:52,34.16,79.74,BuildingA_Floor1,TypeC
1035,2025-04-08 16:57:51,27.13,46.82,BuildingA_Floor2,TypeA
1019,2025-04-08 01:06:35,23.31,58.11,BuildingA_Floor1,TypeC
1023,2025-04-06 01:59:11,26.97,47.94,BuildingA_Floor1,TypeC
1059,2025-04-07 14:49:25,34.78,59.36,BuildingA_Floor1,TypeA
1088,2025-04-10 02:04:46,23.83,71.39,BuildingA_Floor2,TypeC
1009,2025-04-10 13:21:33,16.92,33.97,BuildingA_Floor2,TypeA
1029,2025-04-08 23:30:27,34.72,34.87,BuildingB_Floor2,TypeB
1080,2025-04-10 00:01:29,17.01,68.67,BuildingA_Floor2,TypeA
1098,2025-04-06 13:31:52,25.24,68.03,BuildingA_Floor1,TypeC
1012,2025-04-10 04:37:37,18.87,69.09,BuildingB_Floor2,TypeB
1050,2025-04-08 09:07:37,21.58,79.73,BuildingB_Floor2,TypeB
1081,2025-04-07 01:57:36,18.26,79.23,BuildingB_Floor2,TypeB
1071,2025-04-07 14:53:30,22.34,56.28,BuildingB_Floor2,TypeA
1078,2025-04-07 06:05:07,15.37,48.35,BuildingB_Floor1,TypeA
1077,2025-04-07 05:43:43,27.69,40.87,BuildingA_Floor2,TypeC
1050,2025-04-09 17:39:23,19.8,59.93,BuildingA_Floor1,TypeA
1025,2025-04-08 09:21:04,31.52,77.33,BuildingA_Floor1,TypeC
1043,2025-04-07 13:07:06,16.23,58.19,BuildingA_Floor2,TypeC
1072,2025-04-06 09:28:57,31.52,34.64,BuildingA_Floor1,TypeA
1079,2025-04-07 07:39:41,17.76,74.1,BuildingB_Floor1,TypeB
1086,2025-04-07 06:41:24,29.89,57.76,BuildingA_Floor1,TypeB
1024,2025-04-06 01:39:50,21.23,74.31,BuildingA_Floor1,TypeC
1070,2025-04-08 06:23:34,33.54,46.65,BuildingB_Floor2,TypeB
1059,2025-04-09 23:31:05,32.37,40.84,BuildingB_Floor2,TypeA
1045,2025-04-07 10:13:53,34.56,71.7,BuildingA_Floor1,TypeB
1002,2025-04-08 10:59:32,17.85,34.13,BuildingA_Floor1,TypeA
1047,2025-04-09 18:02:49,24.75,45.88,BuildingA_Floor1,TypeA
1005,2025-04-06 20:07:42,32.58,60.17,BuildingB_Floor2,TypeC
1066,2025-04-09 11:26:14,23.17,66.2,BuildingA_Floor2,TypeC
1019,2025-04-06 08:17:47,32.97,48.67,BuildingB_Floor2,TypeA
1051,2025-04-07 18:43:50,27.45,43.23,BuildingB_Floor1,TypeB
1034,2025-04-07 08:24:03,26.66,48.76,BuildingB_Floor1,TypeA
1098,2025-04-07 12:32:01,29.3,51.99,BuildingA_Floor1,TypeA
1010,2025-04-09 07:27:33,31.31,62.67,BuildingB_Floor1,TypeA
1004,2025-04-05 15:20:13,23.81,73.9,BuildingB_Floor1,TypeC
1047,2025-04-09 16:19:09,34.41,51.55,BuildingA_Floor1,TypeB
1011,2025-04-10 04:57:19,20.98,35.44,BuildingA_Floor2,TypeA
1015,2025-04-06 16:35:48,29.57,41.85,BuildingB_Floor1,TypeA
1077,2025-04-06 00:51:54,31.13,61.64,BuildingB_Floor2,TypeA
1008,2025-04-05 15:24:12,28.97,34.4,BuildingA_Floor1,TypeA
1079,2025-04-10 06:51:07,20.39,50.51,BuildingA_Floor1,TypeC
1022,2025-04-09 09:09:24,15.54,42.49,BuildingB_Floor2,TypeA
1003,2025-04-05 21:53:31,24.59,66.02,BuildingB_Floor1,TypeA
1076,2025-04-06 05:12:07,22.61,77.19,BuildingA_Floor2,TypeA
1100,2025-04-08 05:07:46,29.31,56.99,BuildingA_Floor1,TypeB
1000,2025-04-06 00:48:00,23.98,74.79,BuildingB_Floor2,TypeC
1068,2025-04-09 10:46:04,33.44,32.89,BuildingB_Floor2,TypeB
1074,2025-04-07 04:10:05,20.85,43.22,BuildingB_Floor2,TypeC
1056,2025-04-07 04:13:13,29.71,34.64,BuildingA_Floor2,TypeB
1088,2025-04-08 06:57:59,26.49,46.55,BuildingB_Floor1,TypeB
1020,2025-04-08 16:09:18,34.4,58.24,BuildingA_Floor2,TypeB
1054,2025-04-07 04:15:22,26.84,48.02,BuildingA_Floor2,TypeC
1066,2025-04-05 17:12:15,30.37,69.54,BuildingA_Floor2,TypeA
1004,2025-04-07 06:37:08,17.59,71.69,BuildingA_Floor2,TypeC
1079,2025-04-06 18:00:13,20.7,71.18,BuildingA_Floor1,TypeA
1068,2025-04-10 08:41:22,22.53,66.98,BuildingA_Floor2,TypeC
1031,2025-04-07 14:58:32,17.47,40.53,BuildingA_Floor1,TypeC
1056,2025-04-08 07:12:28,31.84,50.39,BuildingA_Floor2,TypeC
1003,2025-04-06 02:04:39,23.07,31.61,BuildingB_Floor1,TypeA
1027,2025-04-07 13:42:32,19.62,41.33,BuildingA_Floor2,TypeB
1057,2025-04-05 20:18:21,21.0,53.4,BuildingB_Floor2,TypeC
1073,2025-04-07 05:16:46,16.65,41.25,BuildingB_Floor2,TypeC
1061,2025-04-06 03:04:15,17.65,49.26,BuildingB_Floor2,TypeA
1031,2025-04-07 17:19:55,18.77,36.19,BuildingA_Floor1,TypeC
1021,2025-04-05 17:44:54,28.61,69.76,BuildingA_Floor1,TypeC
1063,2025-04-07 08:28:48,26.47,50.29,BuildingA_Floor2,TypeC
1082,2025-04-08 01:58:14,30.17,68.46,BuildingA_Floor2,TypeB
1002,2025-04-09 03:17:07,30.59,47.63,BuildingA_Floor2,TypeA
1098,2025-04-07 14:29:59,31.49,47.04,BuildingB_Floor1,TypeC
1040,2025-04-09 00:52:18,27.09,37.59,BuildingB_Floor1,TypeB
1019,2025-04-06 07:48:16,30.7,74.97,BuildingA_Floor1,TypeC
1027,2025-04-06 00:32:49,29.67,39.08,BuildingA_Floor1,TypeA
1075,2025-04-08 12:49:36,27.03,68.27,BuildingA_Floor1,TypeA
1039,2025-04-09 16:31:40,32.71,65.77,BuildingB_Floor1,TypeC
1082,2025-04-06 11:32:39,34.36,60.74,BuildingB_Floor1,TypeC
1049,2025-04-08 23:22:28,20.55,50.08,BuildingA_Floor2,TypeB
1056,2025-04-07 16:04:05,19.78,75.9,BuildingA_Floor2,TypeB
1043,2025-04-07 08:45:30,17.77,39.05,BuildingA_Floor2,TypeC
1040,2025-04-06 23:52:20,16.97,37.9,BuildingA_Floor2,TypeC
1042,2025-04-06 00:00:04,19.12,64.56,BuildingA_Floor2,TypeA
1030,2025-04-06 14:33:44,22.99,57.46,BuildingA_Floor1,TypeA
1008,2025-04-09 14:16:48,22.06,40.06,BuildingA_Floor1,TypeB
1070,2025-04-06 20:58:57,33.06,57.86,BuildingA_Floor2,TypeC
1048,2025-04-06 19:30:05,31.42,48.62,BuildingB_Floor2,TypeB
1078,2025-04-10 04:45:40,26.0,33.46,BuildingB_Floor1,TypeB
1066,2025-04-06 07:51:43,26.71,73.49,BuildingA_Floor2,TypeC
1025,2025-04-09 02:06:50,17.41,65.76,BuildingA_Floor1,TypeC
1040,2025-04-05 16:48:28,20.7,43.72,BuildingB_Floor2,TypeA
1060,2025-04-07 09:15:31,17.33,79.4,BuildingA_Floor2,TypeC
1068,2025-04-08 20:30:59,22.73,79.94,BuildingA_Floor1,TypeA
1020,2025-04-06 22:29:11,19.94,63.04,BuildingB_Floor2,TypeC
1020,2025-04-06 12:33:10,33.19,56.22,BuildingB_Floor1,TypeB
1096,2025-04-06 04:48:52,22.97,73.66,BuildingA_Floor1,TypeA
1058,2025-04-08 20:14:50,15.82,49.48,BuildingB_Floor2,TypeC
1025,2025-04-07 04:24:06,16.86,74.31,BuildingA_Floor2,TypeC
1011,2025-04-09 14:55:14,23.79,58.24,BuildingB_Floor1,TypeB
1030,2025-04-08 02:41:24,34.81,40.15,BuildingB_Floor1,TypeA
1072,2025-04-10 11:30:47,30.14,56.53,BuildingB_Floor1,TypeB
1033,2025-04-07 15:21:01,25.58,35.81,BuildingA_Floor1,TypeC
1024,2025-04-08 22:33:38,27.77,59.45,BuildingB_Floor2,TypeC
1083,2025-04-10 13:26:25,27.02,35.53,BuildingB_Floor1,TypeA
1096,2025-04-09 23:10:16,32.17,45.26,BuildingA_Floor2,TypeB
1025,2025-04-09 13:35:08,20.33,44.11,BuildingB_Floor2,TypeC
1018,2025-04-09 07:04:05,32.85,62.66,BuildingB_Floor2,TypeA
1008,2025-04-08 12:07:25,19.84,42.17,BuildingB_Floor2,TypeB
1085,2025-04-09 17:53:47,24.27,63.71,BuildingA_Floor1,TypeA
1062,2025-04-07 22:08:34,33.41,46.24,BuildingA_Floor2,TypeB
1043,2025-04-08 17:03:47,30.66,49.3,BuildingB_Floor1,TypeB
1023,2025-04-06 04:54:55,22.5,49.18,BuildingB_Floor2,TypeB
1073,2025-04-07 17:32:08,33.21,62.33,BuildingB_Floor1,TypeC
1056,2025-04-09 17:51:08,32.69,41.43,BuildingB_Floor2,TypeA
1088,2025-04-09 16:25:14,18.92,67.68,BuildingB_Floor2,TypeB
1015,2025-04-06 21:30:53,34.57,52.01,BuildingB_Floor1,TypeB
1026,2025-04-07 11:47:34,21.81,40.71,BuildingB_Floor2,TypeB
1081,2025-04-09 08:16:33,23.16,33.35,BuildingA_Floor1,TypeB
1035,2025-04-09 22:38:03,19.06,62.07,BuildingA_Floor1,TypeB
1088,2025-04-09 12:28:58,25.82,72.98,BuildingA_Floor1,TypeA
1052,2025-04-10 03:36:11,23.73,61.17,BuildingB_Floor2,TypeB
1019,2025-04-06 04:35:58,26.31,32.14,BuildingB_Floor1,TypeA
1017,2025-04-08 06:47:06,30.94,32.3,BuildingA_Floor1,TypeC
1008,2025-04-07 19:29:26,21.66,63.76,BuildingB_Floor1,TypeB
1031,2025-04-05 19:43:31,24.52,32.98,BuildingB_Floor2,TypeA
1017,2025-04-07 04:31:41,29.5,48.74,BuildingA_Floor2,TypeC
1099,2025-04-07 01:22:44,17.76,60.6,BuildingA_Floor1,TypeC
1019,2025-04-05 15:05:46,26.82,63.9,BuildingA_Floor2,TypeC
1086,2025-04-07 22:41:57,33.85,77.22,BuildingB_Floor1,TypeA
1076,2025-04-06 20:02:33,18.69,31.86,BuildingA_Floor2,TypeC
1020,2025-04-10 07:06:48,34.49,54.86,BuildingA_Floor2,TypeC
1046,2025-04-06 16:48:18,26.44,55.93,BuildingA_Floor2,TypeA
1068,2025-04-09 15:14:25,32.32,46.88,BuildingB_Floor2,TypeB
1076,2025-04-10 09:12:38,29.97,50.11,BuildingA_Floor2,TypeC
1071,2025-04-07 18:21:30,20.55,62.74,BuildingB_Floor1,TypeA
1002,2025-04-07 15:48:01,28.55,75.44,BuildingB_Floor2,TypeC
1067,2025-04-07 15:17:01,30.91,62.68,BuildingA_Floor1,TypeA
1074,2025-04-09 02:47:05,16.69,67.12,BuildingB_Floor1,TypeA
1072,2025-04-06 18:13:16,15.42,31.1,BuildingA_Floor1,TypeA
1021,2025-04-06 06:14:46,22.65,39.62,BuildingB_Floor1,TypeA
1098,2025-04-06 19:30:25,28.9,50.96,BuildingB_Floor2,TypeB
1025,2025-04-07 21:14:41,29.65,54.48,BuildingA_Floor2,TypeC
1002,2025-04-09 23:36:50,19.67,56.18,BuildingB_Floor1,TypeB
1088,2025-04-06 12:17:47,32.27,35.91,BuildingB_Floor1,TypeC
1039,2025-04-09 11:48:37,25.93,37.37,BuildingB_Floor1,TypeB
1096,2025-04-08 16:50:20,34.12,61.71,BuildingA_Floor2,TypeB
1052,2025-04-08 11:10:58,31.19,54.28,BuildingA_Floor1,TypeC
1034,2025-04-06 04:21:30,31.54,74.24,BuildingB_Floor1,TypeC
1022,2025-04-08 17:39:44,18.02,65.21,BuildingB_Floor1,TypeC
1064,2025-04-09 19:52:05,33.8,59.96,BuildingB_Floor2,TypeA
1066,2025-04-06 01:44:50,26.49,67.44,BuildingB_Floor1,TypeA
1073,2025-04-05 20:13:19,24.2,72.08,BuildingB_Floor1,TypeC
1007,2025-04-06 02:16:34,18.1,40.5,BuildingB_Floor2,TypeB
1042,2025-04-09 02:50:25,25.07,36.1,BuildingB_Floor2,TypeB
1018,2025-04-08 11:02:32,28.75,52.22,BuildingA_Floor2,TypeA
1008,2025-04-10 09:34:55,23.3,73.59,BuildingA_Floor1,TypeB
1088,2025-04-06 14:12:36,29.54,56.33,BuildingA_Floor2,TypeB
1080,2025-04-08 04:01:54,29.52,66.07,BuildingB_Floor1,TypeA
1098,2025-04-07 03:25:06,26.55,39.01,BuildingA_Floor1,TypeB
1076,2025-04-06 15:12:20,19.59,31.22,BuildingA_Floor1,TypeC
1025,2025-04-06 22:09:25,33.21,65.72,BuildingA_Floor2,TypeB
1097,2025-04-10 06:47:03,29.66,42.7,BuildingB_Floor1,TypeC
1040,2025-04-07 08:29:30,21.94,69.58,BuildingA_Floor2,TypeB
1077,2025-04-09 18:04:11,26.56,33.61,BuildingB_Floor1,TypeB
1050,2025-04-08 01:57:35,15.99,56.63,BuildingB_Floor1,TypeC
1067,2025-04-05 15:40:16,21.77,74.26,BuildingB_Floor2,TypeC
1093,2025-04-10 11:05:05,25.47,41.02,BuildingA_Floor2,TypeC
1007,2025-04-06 15:06:34,24.94,49.68,BuildingA_Floor1,TypeA
1038,2025-04-07 10:55:47,24.88,60.86,BuildingB_Floor2,TypeC
1007,2025-04-07 13:01:49,33.52,63.97,BuildingB_Floor1,TypeB
1013,2025-04-09 00:00:28,32.46,36.98,BuildingA_Floor1,TypeC
1004,2025-04-06 23:35:41,22.22,53.81,BuildingB_Floor1,TypeC
1000,2025-04-06 16:33:46,16.38,55.56,BuildingB_Floor2,TypeC
1096,2025-04-09 21:53:22,28.67,58.65,BuildingA_Floor1,TypeB
1009,2025-04-07 21:17:04,33.63,48.01,BuildingA_Floor1,TypeB
1074,2025-04-10 09:37:07,22.19,41.56,BuildingA_Floor1,TypeA
1039,2025-04-07 02:42:19,24.13,33.51,BuildingB_Floor1,TypeC
1088,2025-04-10 06:59:25,31.92,61.47,BuildingB_Floor1,TypeB
1010,2025-04-06 00:49:57,34.45,40.57,BuildingA_Floor2,TypeB
1086,2025-04-06 13:09:48,29.4,43.84,BuildingB_Floor1,TypeB
1050,2025-04-08 00:01:18,21.48,48.82,BuildingA_Floor1,TypeB
1099,2025-04-08 05:17:26,19.3,72.11,BuildingA_Floor2,TypeC
1067,2025-04-06 19:06:34,21.92,30.13,BuildingA_Floor1,TypeC
1082,2025-04-07 04:47:32,32.29,58.71,BuildingB_Floor2,TypeC
1045,2025-04-07 21:07:48,24.28,67.3,BuildingA_Floor1,TypeC
1078,2025-04-09 04:07:28,19.68,41.68,BuildingB_Floor1,TypeB
1090,2025-04-05 16:05:25,21.71,66.45,BuildingA_Floor2,TypeB
1043,2025-04-08 07:14:23,24.54,71.14,BuildingA_Floor1,TypeA
1000,2025-04-07 10:49:26,17.48,58.51,BuildingB_Floor2,TypeC
1033,2025-04-06 17:46:51,28.06,69.48,BuildingA_Floor2,TypeA
1065,2025-04-08 23:12:07,27.45,63.7,BuildingB_Floor1,TypeB
1048,2025-04-10 01:04:45,24.37,41.92,BuildingA_Floor1,TypeC
1068,2025-04-05 18:06:58,29.83,63.22,BuildingB_Floor2,TypeB
1043,2025-04-07 23:53:35,28.81,56.43,BuildingA_Floor2,TypeA
1019,2025-04-07 12:19:58,16.78,33.43,BuildingB_Floor1,TypeA
1044,2025-04-05 20:05:29,31.23,57.52,BuildingA_Floor2,TypeC
1069,2025-04-09 12:52:24,21.48,68.17,BuildingA_Floor1,TypeA
1042,2025-04-09 14:49:46,16.95,32.32,BuildingB_Floor1,TypeB
1029,2025-04-09 22:06:32,28.5,48.35,BuildingA_Floor1,TypeA
1074,2025-04-07 15:27:22,30.85,47.37,BuildingB_Floor1,TypeC
1001,2025-04-07 09:38:43,22.23,65.25,BuildingA_Floor2,TypeC
1029,2025-04-08 00:40:27,34.37,53.98,BuildingB_Floor2,TypeB
1006,2025-04-06 07:59:42,30.48,30.1,BuildingA_Floor1,TypeA
1072,2025-04-07 01:39:41,30.58,76.15,BuildingA_Floor2,TypeC
1054,2025-04-07 09:10:13,21.65,60.67,BuildingA_Floor1,TypeB
1053,2025-04-09 11:07:11,17.14,38.92,BuildingB_Floor2,TypeB
1002,2025-04-07 22:25:41,28.27,48.32,BuildingB_Floor1,TypeC
1005,2025-04-10 03:25:58,23.2,70.9,BuildingB_Floor1,TypeA
1051,2025-04-05 15:40:33,16.57,32.31,BuildingB_Floor2,TypeA
1032,2025-04-08 06:40:47,30.3,62.14,BuildingB_Floor2,TypeB
1048,2025-04-07 06:31:47,32.76,60.38,BuildingA_Floor1,TypeB
1071,2025-04-09 03:57:07,20.36,38.63,BuildingA_Floor1,TypeC
1068,2025-04-07 20:17:52,21.73,52.85,BuildingA_Floor2,TypeB
1013,2025-04-06 09:17:20,23.05,38.13,BuildingB_Floor2,TypeB
1095,2025-04-08 10:41:03,34.39,46.31,BuildingB_Floor1,TypeA
1013,2025-04-09 01:03:59,28.53,32.11,BuildingB_Floor1,TypeB
1001,2025-04-09 21:48:45,26.77,34.73,BuildingB_Floor2,TypeA
1065,2025-04-08 11:25:08,33.35,79.93,BuildingB_Floor2,TypeB
1062,2025-04-07 23:37:10,27.16,64.17,BuildingB_Floor1,TypeA
1045,2025-04-06 02:44:35,17.83,34.37,BuildingA_Floor2,TypeB
1048,2025-04-09 13:15:44,33.88,47.45,BuildingB_Floor2,TypeB
1021,2025-04-10 02:50:25,33.76,75.08,BuildingA_Floor1,TypeB
1095,2025-04-07 15:10:42,33.57,36.91,BuildingA_Floor2,TypeA
1075,2025-04-09 16:22:12,16.68,64.78,BuildingA_Floor1,TypeB
1046,2025-04-07 13:09:52,33.31,57.97,BuildingB_Floor1,TypeA
1062,2025-04-08 22:59:15,31.95,72.65,BuildingA_Floor2,TypeA
1099,2025-04-09 20:03:50,28.17,43.98,BuildingB_Floor2,TypeB
1087,2025-04-08 00:38:18,24.54,61.9,BuildingA_Floor2,TypeC
1057,2025-04-09 07:53:45,27.95,33.88,BuildingA_Floor1,TypeB
1072,2025-04-07 03:54:27,26.34,65.27,BuildingB_Floor2,TypeB
1038,2025-04-07 12:27:00,18.78,47.01,BuildingB_Floor2,TypeA
1057,2025-04-08 18:25:48,33.76,60.3,BuildingB_Floor1,TypeA
1086,2025-04-07 20:24:33,24.59,47.29,BuildingA_Floor1,TypeB
1027,2025-04-06 14:10:04,30.46,76.93,BuildingB_Floor1,TypeC
1056,2025-04-06 13:58:46,26.86,58.31,BuildingA_Floor2,TypeC
1002,2025-04-06 04:19:58,24.28,56.93,BuildingA_Floor1,TypeC
1040,2025-04-08 16:49:12,27.13,31.03,BuildingB_Floor2,TypeA
1031,2025-04-07 19:51:42,16.56,31.1,BuildingB_Floor2,TypeC
1046,2025-04-07 20:10:54,32.53,37.63,BuildingB_Floor2,TypeB
1087,2025-04-09 15:37:45,18.37,45.91,BuildingB_Floor1,TypeC
1094,2025-04-09 06:12:03,32.73,71.81,BuildingA_Floor2,TypeC
1061,2025-04-08 09:35:00,22.15,71.11,BuildingA_Floor1,TypeC
1042,2025-04-08 17:54:13,31.37,58.12,BuildingB_Floor1,TypeB
1060,2025-04-09 05:27:29,22.93,53.95,BuildingA_Floor1,TypeC
1030,2025-04-10 08:30:36,17.33,52.43,BuildingA_Floor2,TypeB
1014,2025-04-10 03:36:59,33.89,66.12,BuildingA_Floor2,TypeA
1003,2025-04-06 08:29:15,18.76,62.35,BuildingA_Floor1,TypeC
1085,2025-04-05 21:22:11,15.11,60.91,BuildingB_Floor1,TypeC
1079,2025-04-10 08:24:06,17.1,77.13,BuildingA_Floor1,TypeA
1077,2025-04-07 23:22:05,23.37,41.6,BuildingB_Floor1,TypeA
1006,2025-04-09 09:57:51,25.41,76.19,BuildingB_Floor2,TypeA
1093,2025-04-07 08:06:47,20.55,76.69,BuildingB_Floor1,TypeC
1091,2025-04-07 17:26:50,22.38,60.13,BuildingA_Floor2,TypeB
1010,2025-04-08 14:42:58,26.85,61.14,BuildingB_Floor1,TypeA
1078,2025-04-05 18:25:39,23.63,40.64,BuildingA_Floor1,TypeB
1037,2025-04-09 12:59:35,33.87,30.55,BuildingA_Floor2,TypeC
1085,2025-04-09 01:12:49,30.88,76.05,BuildingA_Floor2,TypeC
1021,2025-04-05 15:41:10,21.04,75.81,BuildingA_Floor2,TypeA
1070,2025-04-09 22:58:41,17.9,40.86,BuildingA_Floor2,TypeB
1058,2025-04-06 09:00:27,18.26,67.9,BuildingB_Floor1,TypeA
1097,2025-04-10 10:52:36,28.19,32.57,BuildingB_Floor1,TypeC
1033,2025-04-08 05:10:46,32.86,65.63,BuildingA_Floor2,TypeC
1002,2025-04-08 16:04:00,19.13,65.68,BuildingB_Floor1,TypeB
1066,2025-04-07 10:28:27,22.87,57.29,BuildingB_Floor1,TypeB
1098,2025-04-07 10:36:41,15.33,31.35,BuildingA_Floor2,TypeA
1009,2025-04-06 05:50:40,34.65,42.64,BuildingB_Floor2,TypeB
1015,2025-04-10 04:45:00,22.35,50.23,BuildingB_Floor2,TypeA
1036,2025-04-06 19:25:25,19.35,66.42,BuildingA_Floor2,TypeC
1044,2025-04-06 03:20:46,28.15,73.21,BuildingA_Floor1,TypeB
1089,2025-04-10 03:42:37,33.12,46.2,BuildingA_Floor1,TypeB
1063,2025-04-05 18:13:15,30.09,76.86,BuildingA_Floor2,TypeA
1090,2025-04-07 04:33:02,15.37,65.01,BuildingB_Floor1,TypeB
1048,2025-04-09 09:25:34,15.06,43.97,BuildingA_Floor2,TypeB
1081,2025-04-08 07:42:11,28.19,49.82,BuildingA_Floor1,TypeC
1014,2025-04-09 05:43:42,24.53,32.08,BuildingA_Floor1,TypeC
1092,2025-04-08 13:17:27,25.78,69.81,BuildingB_Floor1,TypeA
1032,2025-04-10 09:50:59,22.85,62.96,BuildingA_Floor2,TypeB
1023,2025-04-06 18:47:17,33.38,75.48,BuildingA_Floor2,TypeB
1033,2025-04-07 00:07:43,18.1,36.55,BuildingB_Floor2,TypeC
1088,2025-04-09 23:08:49,15.6,58.74,BuildingB_Floor1,TypeA
1098,2025-04-05 17:27:44,32.76,53.78,BuildingB_Floor1,TypeA
1048,2025-04-09 17:33:17,23.39,42.49,BuildingB_Floor1,TypeB
1092,2025-04-07 01:39:07,24.89,40.26,BuildingA_Floor2,TypeB
1000,2025-04-06 22:54:35,27.66,75.94,BuildingB_Floor2,TypeA
1008,2025-04-07 01:02:40,22.44,59.14,BuildingB_Floor2,TypeA
1050,2025-04-09 13:37:08,24.68,35.09,BuildingA_Floor1,TypeC
1003,2025-04-09 10:23:31,33.98,66.33,BuildingA_Floor2,TypeA
1018,2025-04-08 04:23:22,28.42,35.93,BuildingA_Floor1,TypeA
1049,2025-04-10 13:54:44,19.76,63.25,BuildingB_Floor2,TypeB
1046,2025-04-07 21:16:17,31.72,37.49,BuildingB_Floor2,TypeC
1015,2025-04-08 14:47:06,22.64,75.13,BuildingA_Floor2,TypeB
1081,2025-04-07 01:02:27,26.81,49.76,BuildingB_Floor1,TypeB
1094,2025-04-07 23:08:35,31.47,68.97,BuildingA_Floor2,TypeB
1021,2025-04-06 06:45:23,19.86,66.33,BuildingA_Floor2,TypeC
1079,2025-04-06 09:05:50,19.24,57.78,BuildingA_Floor1,TypeB
1018,2025-04-10 13:58:50,19.18,45.67,BuildingA_Floor1,TypeB
1073,2025-04-10 00:18:22,24.58,54.15,BuildingA_Floor1,TypeC
1028,2025-04-06 22:10:36,18.26,53.74,BuildingA_Floor2,TypeC
1002,2025-04-09 11:14:42,20.95,53.04,BuildingA_Floor1,TypeB
1055,2025-04-07 15:32:01,15.13,33.57,BuildingB_Floor2,TypeC
1062,2025-04-08 20:17:47,20.85,69.78,BuildingA_Floor2,TypeC
1064,2025-04-09 22:08:59,26.29,56.67,BuildingA_Floor2,TypeA
1022,2025-04-09 23:28:42,25.67,34.58,BuildingB_Floor1,TypeC
1023,2025-04-06 19:37:24,34.67,61.35,BuildingB_Floor2,TypeC
1074,2025-04-07 11:26:38,24.46,43.18,BuildingB_Floor1,TypeA
1098,2025-04-06 08:49:10,19.9,79.31,BuildingB_Floor2,TypeC
1075,2025-04-08 12:53:05,18.56,33.06,BuildingA_Floor2,TypeC
1007,2025-04-09 12:51:13,27.33,46.95,BuildingB_Floor2,TypeC
1069,2025-04-10 03:53:37,20.9,63.65,BuildingB_Floor1,TypeA
1031,2025-04-06 15:05:51,31.9,64.46,BuildingB_Floor1,TypeA
1031,2025-04-10 11:18:08,31.13,46.15,BuildingB_Floor1,TypeA
1098,2025-04-10 05:18:55,24.97,45.98,BuildingB_Floor1,TypeC
1074,2025-04-06 10:12:28,25.04,36.06,BuildingA_Floor1,TypeA
1068,2025-04-05 17:06:22,20.02,64.8,BuildingA_Floor1,TypeB
1062,2025-04-09 02:54:27,33.66,74.67,BuildingA_Floor1,TypeC
1015,2025-04-06 08:23:49,22.86,62.74,BuildingA_Floor1,TypeC
1093,2025-04-10 07:43:14,17.21,50.17,BuildingB_Floor1,TypeA
1084,2025-04-06 12:55:31,32.79,77.57,BuildingA_Floor1,TypeC
1008,2025-04-05 17:10:23,17.02,56.64,BuildingB_Floor1,TypeA
1090,2025-04-07 03:44:27,19.05,47.48,BuildingB_Floor2,TypeC
1088,2025-04-06 17:33:47,19.55,44.91,BuildingA_Floor2,TypeA
1027,2025-04-09 01:26:18,20.03,72.57,BuildingA_Floor1,TypeC
1041,2025-04-06 19:44:18,21.26,76.94,BuildingB_Floor2,TypeB
1070,2025-04-07 17:41:45,29.0,62.35,BuildingA_Floor2,TypeC
1016,2025-04-09 05:20:06,18.37,40.05,BuildingB_Floor2,TypeC
1019,2025-04-08 07:35:40,28.59,48.46,BuildingA_Floor1,TypeC
1019,2025-04-07 10:03:14,31.34,53.62,BuildingA_Floor1,TypeA
1076,2025-04-05 23:07:25,24.69,36.43,BuildingA_Floor2,TypeA
1002,2025-04-09 22:22:08,30.9,73.08,BuildingA_Floor1,TypeC
1056,2025-04-09 13:07:25,21.18,38.27,BuildingA_Floor2,TypeC
1037,2025-04-07 22:14:44,33.78,79.01,BuildingB_Floor2,TypeA
1007,2025-04-07 16:53:26,16.42,30.4,BuildingB_Floor1,TypeC
1065,2025-04-09 23:49:43,32.18,60.65,BuildingB_Floor1,TypeA
1043,2025-04-09 16:00:24,33.0,35.89,BuildingB_Floor2,TypeC
1087,2025-04-08 11:52:12,21.56,47.95,BuildingA_Floor1,TypeB
1054,2025-04-05 16:54:54,17.95,57.57,BuildingB_Floor2,TypeB
1088,2025-04-06 10:40:03,20.11,64.82,BuildingB_Floor2,TypeA
1083,2025-04-06 02:24:13,23.07,66.54,BuildingB_Floor1,TypeC
1093,2025-04-10 10:30:32,25.19,75.41,BuildingA_Floor1,TypeB
1073,2025-04-08 01:53:35,26.65,45.73,BuildingB_Floor1,TypeC
1006,2025-04-10 00:57:08,27.19,65.33,BuildingA_Floor1,TypeB
1041,2025-04-08 03:24:03,17.8,76.94,BuildingA_Floor2,TypeB
1054,2025-04-10 11:24:43,16.2,74.23,BuildingB_Floor1,TypeB
1045,2025-04-07 11:43:44,30.58,36.17,BuildingA_Floor1,TypeC
1015,2025-04-08 11:23:39,21.71,79.61,BuildingA_Floor1,TypeB
1013,2025-04-10 13:07:27,16.74,50.85,BuildingA_Floor2,TypeC
1033,2025-04-06 16:28:20,18.63,43.44,BuildingB_Floor1,TypeB
1075,2025-04-06 00:32:21,15.72,77.3,BuildingA_Floor1,TypeB
1090,2025-04-06 04:43:07,27.5,33.64,BuildingB_Floor2,TypeC
1071,2025-04-08 00:12:45,33.08,66.07,BuildingB_Floor2,TypeB
1087,2025-04-10 01:15:09,22.01,65.18,BuildingA_Floor1,TypeB
1020,2025-04-06 00:55:00,32.6,75.02,BuildingA_Floor2,TypeC
1073,2025-04-09 13:35:12,25.67,34.32,BuildingB_Floor2,TypeA
1075,2025-04-08 21:07:10,17.58,48.91,BuildingB_Floor2,TypeB
1004,2025-04-09 13:54:17,15.66,39.52,BuildingA_Floor1,TypeB
1055,2025-04-10 07:39:07,32.52,51.7,BuildingA_Floor1,TypeB
1069,2025-04-07 18:57:08,17.28,69.76,BuildingA_Floor1,TypeA
1012,2025-04-08 13:18:08,32.14,45.3,BuildingA_Floor1,TypeB
1082,2025-04-10 03:14:07,31.05,77.97,BuildingB_Floor1,TypeB
1047,2025-04-09 12:55:33,33.1,79.01,BuildingA_Floor1,TypeB
1037,2025-04-05 22:56:38,16.69,79.96,BuildingB_Floor2,TypeA
1057,2025-04-07 10:25:32,23.9,31.13,BuildingB_Floor2,TypeA
1075,2025-04-07 20:47:33,16.12,69.92,BuildingA_Floor2,TypeC
1083,2025-04-10 14:11:36,18.57,43.44,BuildingB_Floor1,TypeC
1053,2025-04-06 10:46:29,18.04,31.54,BuildingA_Floor1,TypeC
1100,2025-04-08 12:44:16,31.54,67.35,BuildingB_Floor2,TypeA
1054,2025-04-09 10:47:51,21.99,45.6,BuildingB_Floor1,TypeC
1077,2025-04-06 10:53:18,25.83,47.51,BuildingA_Floor1,TypeB
1052,2025-04-06 05:46:24,21.01,44.56,BuildingB_Floor2,TypeB
1083,2025-04-06 03:48:18,19.41,70.97,BuildingB_Floor1,TypeA
1061,2025-04-07 03:16:33,21.12,62.53,BuildingB_Floor2,TypeC
1023,2025-04-06 22:03:18,25.09,63.61,BuildingA_Floor1,TypeA
1072,2025-04-06 19:32:05,29.19,70.41,BuildingA_Floor2,TypeA
1071,2025-04-07 08:35:05,15.12,66.16,BuildingA_Floor2,TypeA
1099,2025-04-08 20:28:11,33.93,65.08,BuildingA_Floor1,TypeA
1070,2025-04-08 09:24:53,25.88,39.73,BuildingB_Floor2,TypeC
1000,2025-04-08 19:29:39,33.03,42.59,BuildingB_Floor1,TypeB
1091,2025-04-06 16:27:02,27.2,75.09,BuildingB_Floor1,TypeB
1002,2025-04-08 14:30:43,23.37,63.59,BuildingB_Floor2,TypeA
1041,2025-04-07 08:49:33,22.45,65.37,BuildingA_Floor1,TypeA
1016,2025-04-08 15:02:38,15.77,53.21,BuildingA_Floor1,TypeB
1004,2025-04-08 16:19:53,22.68,39.64,BuildingB_Floor2,TypeA
1004,2025-04-06 18:39:09,27.09,51.63,BuildingA_Floor2,TypeB
1049,2025-04-07 11:21:17,18.56,37.33,BuildingA_Floor2,TypeA
1014,2025-04-10 01:52:35,16.99,62.65,BuildingA_Floor1,TypeA
1033,2025-04-09 23:55:28,17.24,54.33,BuildingB_Floor2,TypeB
1064,2025-04-06 06:14:40,29.05,45.96,BuildingA_Floor1,TypeB
1013,2025-04-08 14:58:19,21.2,71.35,BuildingB_Floor1,TypeB
1021,2025-04-08 10:55:50,29.37,71.51,BuildingA_Floor1,TypeB
1073,2025-04-06 23:18:33,24.15,73.46,BuildingA_Floor2,TypeA
1093,2025-04-09 20:59:31,32.62,66.65,BuildingA_Floor2,TypeC
1059,2025-04-06 06:16:10,24.27,54.75,BuildingA_Floor2,TypeC
1077,2025-04-09 12:29:37,33.33,41.03,BuildingB_Floor2,TypeA
1051,2025-04-05 18:26:39,23.61,50.22,BuildingA_Floor2,TypeC
1084,2025-04-08 08:47:22,16.67,70.1,BuildingA_Floor1,TypeA
1074,2025-04-10 12:43:37,18.68,56.9,BuildingA_Floor2,TypeA
1024,2025-04-07 19:24:30,24.37,48.5,BuildingB_Floor1,TypeA
1000,2025-04-10 01:02:19,27.8,68.62,BuildingB_Floor2,TypeA
1068,2025-04-10 10:02:06,23.46,34.65,BuildingB_Floor2,TypeC
1065,2025-04-07 11:26:55,23.28,75.14,BuildingB_Floor2,TypeB
1062,2025-04-08 15:20:24,32.79,46.86,BuildingB_Floor2,TypeA
1042,2025-04-05 20:23:07,29.39,44.98,BuildingA_Floor1,TypeA
1099,2025-04-09 18:28:36,30.02,77.42,BuildingA_Floor1,TypeA
1056,2025-04-10 04:59:14,24.29,55.31,BuildingB_Floor2,TypeB
1069,2025-04-08 22:31:32,34.03,56.28,BuildingA_Floor1,TypeC
1029,2025-04-07 02:18:27,30.98,40.54,BuildingA_Floor2,TypeA
1079,2025-04-10 08:02:13,33.25,70.77,BuildingA_Floor1,TypeB
1027,2025-04-09 21:30:43,16.69,42.75,BuildingA_Floor2,TypeB
1022,2025-04-06 03:03:07,17.12,78.38,BuildingB_Floor1,TypeB
1095,2025-04-07 11:06:29,34.79,57.44,BuildingB_Floor2,TypeC
1064,2025-04-07 03:52:27,27.19,63.8,BuildingB_Floor1,TypeB
1094,2025-04-07 11:01:00,23.95,79.57,BuildingA_Floor1,TypeC
1065,2025-04-10 10:14:16,21.07,41.51,BuildingA_Floor1,TypeB
1006,2025-04-09 22:20:47,32.53,79.0,BuildingA_Floor2,TypeB
1086,2025-04-07 15:20:10,30.64,42.37,BuildingA_Floor1,TypeA
1040,2025-04-09 22:22:11,23.83,31.34,BuildingB_Floor1,TypeA
1067,2025-04-09 07:07:08,21.15,31.39,BuildingA_Floor2,TypeB
1078,2025-04-08 11:29:16,27.68,59.34,BuildingA_Floor1,TypeB
1062,2025-04-09 06:30:11,30.55,77.21,BuildingA_Floor1,TypeB
1052,2025-04-09 05:23:14,21.17,66.25,BuildingB_Floor1,TypeB
1035,2025-04-08 04:13:29,24.12,33.9,BuildingB_Floor1,TypeA
1099,2025-04-07 06:36:09,33.47,35.19,BuildingB_Floor1,TypeA
1080,2025-04-07 00:26:00,22.53,68.13,BuildingB_Floor2,TypeB
1007,2025-04-10 05:21:16,28.44,67.23,BuildingB_Floor2,TypeC
1055,2025-04-09 12:21:58,24.04,53.64,BuildingA_Floor2,TypeA
1099,2025-04-09 06:20:29,24.18,45.89,BuildingB_Floor2,TypeA
1050,2025-04-10 10:52:42,34.55,40.8,BuildingA_Floor1,TypeC
1085,2025-04-06 12:43:03,23.03,66.09,BuildingA_Floor1,TypeA
1098,2025-04-09 19:44:13,28.53,78.15,BuildingB_Floor1,TypeA
1013,2025-04-08 19:07:14,19.97,35.22,BuildingA_Floor2,TypeB
1062,2025-04-10 13:03:15,32.46,78.71,BuildingA_Floor1,TypeB
1052,2025-04-06 02:34:50,24.79,72.12,BuildingA_Floor1,TypeB
1006,2025-04-06 17:33:56,21.19,78.21,BuildingA_Floor1,TypeA
1084,2025-04-08 06:19:14,19.69,71.63,BuildingA_Floor2,TypeB
1036,2025-04-06 06:44:58,15.29,47.53,BuildingB_Floor1,TypeA
1026,2025-04-06 12:41:23,31.94,32.83,BuildingA_Floor1,TypeA
1027,2025-04-07 06:42:35,27.3,42.04,BuildingB_Floor1,TypeB
1026,2025-04-10 11:24:43,28.18,66.09,BuildingB_Floor2,TypeB
1052,2025-04-08 22:23:37,34.37,42.37,BuildingA_Floor2,TypeA
1099,2025-04-05 15:23:55,18.2,72.76,BuildingB_Floor1,TypeA
1079,2025-04-08 13:07:50,23.2,65.52,BuildingB_Floor2,TypeC
1033,2025-04-07 12:01:41,20.93,57.6,BuildingA_Floor2,TypeA
1025,2025-04-08 17:52:22,17.72,53.62,BuildingA_Floor1,TypeC
1082,2025-04-07 21:50:06,34.61,69.08,BuildingB_Floor1,TypeB
1025,2025-04-08 19:15:00,15.26,32.78,BuildingB_Floor1,TypeB
1051,2025-04-07 21:44:41,27.13,53.35,BuildingA_Floor2,TypeB
1008,2025-04-07 14:56:34,18.62,36.27,BuildingA_Floor1,TypeA
1006,2025-04-05 22:46:50,33.8,36.8,BuildingB_Floor2,TypeC
1042,2025-04-08 23:37:30,29.1,55.95,BuildingB_Floor1,TypeA
1010,2025-04-08 00:37:31,19.82,52.3,BuildingA_Floor2,TypeA
1051,2025-04-08 12:38:09,17.5,31.87,BuildingA_Floor1,TypeC
1016,2025-04-05 18:56:33,18.63,45.79,BuildingA_Floor1,TypeA
1043,2025-04-07 13:22:22,19.37,41.6,BuildingA_Floor2,TypeA
1039,2025-04-09 14:25:43,24.04,40.69,BuildingB_Floor1,TypeA
1050,2025-04-08 01:19:52,19.76,57.33,BuildingB_Floor1,TypeA
1021,2025-04-07 16:33:45,21.92,30.46,BuildingB_Floor1,TypeB
1005,2025-04-06 00:25:33,26.03,41.79,BuildingB_Floor1,TypeA
1065,2025-04-06 23:30:35,25.08,56.85,BuildingA_Floor1,TypeA
1010,2025-04-05 20:58:12,25.78,42.22,BuildingB_Floor2,TypeB
1027,2025-04-06 00:20:23,20.83,57.98,BuildingA_Floor2,TypeA
1020,2025-04-08 05:33:23,18.32,47.31,BuildingB_Floor2,TypeA
1097,2025-04-10 05:03:04,33.06,35.57,BuildingA_Floor1,TypeC
1050,2025-04-10 13:14:53,27.67,41.4,BuildingB_Floor2,TypeC
1025,2025-04-10 04:08:16,18.14,60.09,BuildingB_Floor2,TypeC
1021,2025-04-08 04:38:09,18.25,30.19,BuildingB_Floor1,TypeA
1020,2025-04-10 11:19:59,31.95,67.77,BuildingA_Floor2,TypeA
1010,2025-04-07 13:08:31,32.85,59.38,BuildingA_Floor1,TypeC
1082,2025-04-06 16:29:30,17.0,66.4,BuildingB_Floor2,TypeB
1035,2025-04-07 08:29:59,21.61,73.96,BuildingB_Floor1,TypeA
1082,2025-04-08 04:08:59,26.82,64.26,BuildingB_Floor2,TypeA
1081,2025-04-06 01:21:14,19.09,45.44,BuildingA_Floor2,TypeC
1057,2025-04-08 21:05:05,29.55,51.04,BuildingB_Floor1,TypeC
1074,2025-04-07 23:14:11,25.75,76.47,BuildingA_Floor2,TypeB
1016,2025-04-06 19:38:41,19.45,55.44,BuildingB_Floor2,TypeC
1046,2025-04-07 20:43:09,32.06,78.58,BuildingA_Floor2,TypeC
1024,2025-04-09 16:39:48,19.17,67.35,BuildingB_Floor1,TypeB
1024,2025-04-07 05:10:22,21.29,79.33,BuildingA_Floor2,TypeA
1030,2025-04-06 05:55:10,27.12,33.0,BuildingA_Floor1,TypeA
1008,2025-04-10 14:20:36,22.61,44.87,BuildingA_Floor1,TypeB
1039,2025-04-10 00:34:50,29.76,66.67,BuildingB_Floor2,TypeB
1011,2025-04-06 19:40:23,16.65,53.17,BuildingB_Floor2,TypeC
1041,2025-04-08 18:52:10,20.82,59.29,BuildingA_Floor1,TypeB
1049,2025-04-05 15:09:08,22.95,65.49,BuildingA_Floor1,TypeB
1085,2025-04-06 10:30:18,32.46,49.23,BuildingB_Floor2,TypeA
1088,2025-04-08 14:59:13,18.54,53.04,BuildingA_Floor1,TypeC
1071,2025-04-06 16:24:58,15.39,62.69,BuildingB_Floor2,TypeB
1100,2025-04-10 10:08:37,21.78,61.96,BuildingB_Floor1,TypeA
1070,2025-04-06 13:14:50,19.97,72.86,BuildingB_Floor2,TypeB
1090,2025-04-08 12:56:12,29.23,30.77,BuildingA_Floor2,TypeC
1079,2025-04-08 01:18:06,31.28,58.62,BuildingB_Floor1,TypeC
1057,2025-04-06 16:18:02,27.22,30.87,BuildingB_Floor2,TypeA
1014,2025-04-06 00:49:33,25.74,68.39,BuildingB_Floor2,TypeB
1097,2025-04-06 06:07:32,18.33,54.84,BuildingA_Floor1,TypeA
1030,2025-04-09 23:09:24,23.57,46.14,BuildingB_Floor2,TypeA
1070,2025-04-10 01:13:06,18.98,76.43,BuildingB_Floor2,TypeC
1026,2025-04-06 01:05:27,24.95,36.24,BuildingB_Floor1,TypeA
1019,2025-04-09 07:57:47,33.27,76.5,BuildingA_Floor1,TypeB
1005,2025-04-09 03:54:46,23.59,69.48,BuildingB_Floor1,TypeA
1081,2025-04-07 21:22:54,16.43,68.01,BuildingB_Floor2,TypeB
1027,2025-04-06 02:34:38,34.9,62.79,BuildingB_Floor1,TypeA
1058,2025-04-06 13:59:51,33.89,38.64,BuildingA_Floor1,TypeA
1080,2025-04-09 03:24:05,19.54,39.56,BuildingB_Floor2,TypeA
1061,2025-04-07 14:38:40,17.42,36.81,BuildingA_Floor1,TypeC
1079,2025-04-08 18:58:48,25.75,35.26,BuildingA_Floor1,TypeB
1033,2025-04-09 19:15:42,15.39,72.4,BuildingB_Floor2,TypeB
1043,2025-04-07 17:27:45,18.69,32.59,BuildingA_Floor2,TypeB
1098,2025-04-06 21:35:24,33.17,36.63,BuildingA_Floor1,TypeC
1093,2025-04-09 16:18:14,33.02,36.1,BuildingA_Floor2,TypeA
1061,2025-04-06 04:40:25,18.31,56.14,BuildingB_Floor1,TypeB
1017,2025-04-05 16:31:21,29.79,35.0,BuildingB_Floor2,TypeA
1007,2025-04-06 15:46:25,17.62,55.1,BuildingB_Floor1,TypeA
1001,2025-04-05 20:12:08,17.01,72.8,BuildingB_Floor2,TypeB
1015,2025-04-09 00:07:58,29.74,48.36,BuildingB_Floor2,TypeC
1005,2025-04-07 09:23:00,27.83,43.3,BuildingA_Floor2,TypeA
1015,2025-04-08 18:46:21,27.61,64.2,BuildingB_Floor1,TypeB
1052,2025-04-07 11:08:03,31.92,46.48,BuildingA_Floor1,TypeB
1097,2025-04-09 02:11:49,28.71,36.07,BuildingA_Floor2,TypeA
1027,2025-04-05 14:51:15,27.76,60.87,BuildingA_Floor2,TypeA
1010,2025-04-08 13:01:18,27.54,35.25,BuildingA_Floor2,TypeA
1070,2025-04-08 18:43:42,22.09,70.78,BuildingB_Floor2,TypeC
1047,2025-04-06 14:09:29,20.26,63.45,BuildingA_Floor1,TypeA
1085,2025-04-10 13:50:30,19.59,62.06,BuildingA_Floor1,TypeB
1003,2025-04-06 08:25:15,28.11,54.38,BuildingB_Floor1,TypeB
1089,2025-04-06 02:21:51,15.76,47.94,BuildingA_Floor1,TypeA
1100,2025-04-08 13:34:56,32.22,32.32,BuildingB_Floor2,TypeB
1068,2025-04-06 15:09:50,26.38,43.99,BuildingA_Floor2,TypeC
1073,2025-04-06 11:21:03,16.09,41.45,BuildingB_Floor2,TypeA
1040,2025-04-07 03:21:12,32.65,39.88,BuildingA_Floor1,TypeB
1046,2025-04-07 06:03:59,32.18,56.17,BuildingB_Floor1,TypeB
1075,2025-04-08 00:24:32,34.88,47.58,BuildingB_Floor1,TypeB
1002,2025-04-07 11:16:36,18.72,47.72,BuildingB_Floor1,TypeC
1043,2025-04-05 22:13:16,18.65,68.3,BuildingA_Floor1,TypeA
1035,2025-04-10 03:05:01,18.41,40.07,BuildingA_Floor1,TypeB
1031,2025-04-10 13:26:57,28.89,62.5,BuildingB_Floor1,TypeB
1081,2025-04-07 12:12:04,16.19,46.3,BuildingA_Floor2,TypeC
1047,2025-04-08 17:28:28,16.4,52.82,BuildingA_Floor2,TypeC
1000,2025-04-08 05:15:46,15.68,31.52,BuildingB_Floor1,TypeC
1021,2025-04-10 01:58:43,21.99,49.04,BuildingB_Floor2,TypeA
1080,2025-04-07 19:39:43,26.74,30.68,BuildingB_Floor2,TypeB
1012,2025-04-08 06:07:35,23.03,58.12,BuildingB_Floor2,TypeC
1090,2025-04-09 12:02:40,25.57,54.84,BuildingB_Floor1,TypeC
1067,2025-04-09 15:23:35,19.1,70.35,BuildingB_Floor2,TypeC
1038,2025-04-09 09:45:49,20.36,62.57,BuildingA_Floor1,TypeB
1077,2025-04-09 07:11:46,30.29,37.14,BuildingA_Floor2,TypeA
1012,2025-04-09 14:13:50,20.4,36.54,BuildingB_Floor1,TypeC
1097,2025-04-06 16:14:45,31.58,65.89,BuildingA_Floor2,TypeC
1066,2025-04-10 01:08:30,30.87,50.23,BuildingB_Floor2,TypeB
1071,2025-04-09 12:12:56,26.47,46.45,BuildingA_Floor1,TypeC
1055,2025-04-05 15:04:25,31.03,54.6,BuildingB_Floor1,TypeA
1098,2025-04-09 00:34:51,23.36,58.86,BuildingB_Floor1,TypeC
1005,2025-04-07 22:26:06,24.95,70.76,BuildingB_Floor1,TypeA
1034,2025-04-06 23:55:39,27.29,46.87,BuildingB_Floor2,TypeB
1071,2025-04-09 06:35:18,16.54,59.65,BuildingA_Floor2,TypeB
1005,2025-04-06 21:14:18,15.92,41.49,BuildingB_Floor2,TypeC
1087,2025-04-09 23:48:54,29.52,52.69,BuildingA_Floor1,TypeA
1002,2025-04-10 02:04:05,18.69,71.19,BuildingB_Floor1,TypeA
1024,2025-04-06 20:44:12,22.36,72.84,BuildingA_Floor1,TypeC
1068,2025-04-08 00:31:59,20.48,50.76,BuildingA_Floor1,TypeB
1034,2025-04-07 22:05:56,30.93,41.27,BuildingB_Floor2,TypeA
1031,2025-04-05 17:27:52,24.49,79.98,BuildingB_Floor2,TypeC
1080,2025-04-07 17:02:06,17.78,74.5,BuildingB_Floor2,TypeB
1060,2025-04-07 16:40:42,25.52,64.1,BuildingB_Floor2,TypeA
1091,2025-04-09 20:04:56,23.22,71.54,BuildingA_Floor1,TypeC
1056,2025-04-07 12:01:01,26.58,77.07,BuildingA_Floor1,TypeA
1027,2025-04-08 05:21:44,18.35,64.15,BuildingA_Floor2,TypeB
1095,2025-04-06 19:27:36,33.19,53.26,BuildingA_Floor1,TypeC
1048,2025-04-06 01:32:23,15.24,50.41,BuildingA_Floor2,TypeA
1052,2025-04-06 22:07:11,28.8,54.21,BuildingA_Floor1,TypeC
1097,2025-04-09 12:34:08,24.13,43.52,BuildingA_Floor2,TypeC
1029,2025-04-05 20:05:00,29.65,78.99,BuildingB_Floor1,TypeC
1044,2025-04-07 20:44:02,24.63,57.94,BuildingB_Floor1,TypeB
1055,2025-04-07 13:26:53,32.29,74.0,BuildingB_Floor2,TypeC
1033,2025-04-08 16:11:52,30.87,55.04,BuildingB_Floor2,TypeC
1052,2025-04-10 01:07:34,26.45,71.84,BuildingB_Floor2,TypeA
1041,2025-04-06 14:43:20,16.57,79.05,BuildingA_Floor2,TypeA
1080,2025-04-05 23:24:05,18.25,38.85,BuildingA_Floor2,TypeB
1035,2025-04-06 14:23:17,16.57,54.44,BuildingB_Floor1,TypeC
1021,2025-04-06 08:46:09,31.78,69.42,BuildingA_Floor2,TypeB
1068,2025-04-10 04:39:41,29.91,54.52,BuildingB_Floor1,TypeB
1079,2025-04-10 14:23:41,29.98,38.6,BuildingB_Floor1,TypeA
1040,2025-04-06 01:55:25,32.62,79.21,BuildingB_Floor2,TypeC
1097,2025-04-09 03:30:42,28.31,50.83,BuildingA_Floor2,TypeC
1091,2025-04-09 17:41:36,27.46,55.8,BuildingA_Floor1,TypeB
1094,2025-04-10 11:56:01,34.87,62.1,BuildingB_Floor2,TypeC
1029,2025-04-08 22:52:40,15.8,40.68,BuildingA_Floor2,TypeC
1077,2025-04-06 17:15:47,34.48,52.72,BuildingB_Floor2,TypeA
1033,2025-04-05 17:34:07,26.34,48.25,BuildingA_Floor1,TypeC
1093,2025-04-06 03:17:22,15.86,75.6,BuildingA_Floor2,TypeA
1035,2025-04-07 12:56:54,23.95,75.34,BuildingB_Floor1,TypeC
1045,2025-04-06 18:37:35,17.64,64.47,BuildingB_Floor1,TypeC
1046,2025-04-06 07:39:51,28.55,57.34,BuildingA_Floor1,TypeA
1036,2025-04-07 03:48:13,18.35,73.86,BuildingA_Floor1,TypeB
1064,2025-04-08 02:25:23,15.79,65.75,BuildingA_Floor2,TypeA
1059,2025-04-06 14:12:53,32.66,38.84,BuildingB_Floor2,TypeB
1070,2025-04-07 18:02:00,30.02,31.28,BuildingB_Floor2,TypeC
1043,2025-04-10 02:48:10,30.7,77.48,BuildingB_Floor2,TypeC
1058,2025-04-08 13:58:39,20.99,45.4,BuildingA_Floor1,TypeB
1017,2025-04-07 22:59:52,26.0,64.43,BuildingA_Floor2,TypeC
1007,2025-04-07 10:07:10,20.79,65.14,BuildingA_Floor2,TypeA
1024,2025-04-07 16:25:10,19.79,59.69,BuildingB_Floor2,TypeC
1034,2025-04-08 23:29:30,24.8,38.48,BuildingB_Floor2,TypeA
1013,2025-04-06 08:04:36,26.34,43.79,BuildingB_Floor1,TypeB
1040,2025-04-10 06:32:43,17.94,72.24,BuildingA_Floor1,TypeC
1081,2025-04-05 15:52:41,25.22,39.39,BuildingB_Floor2,TypeB
1016,2025-04-09 00:27:34,30.48,49.24,BuildingA_Floor2,TypeC
1056,2025-04-05 17:11:13,20.73,59.19,BuildingA_Floor2,TypeA
1031,2025-04-07 20:56:10,28.67,56.91,BuildingA_Floor1,TypeC
1084,2025-04-10 03:26:40,22.37,68.05,BuildingA_Floor2,TypeA
1064,2025-04-09 19:31:14,22.58,62.96,BuildingB_Floor2,TypeB
1011,2025-04-05 22:59:50,16.05,61.0,BuildingB_Floor2,TypeB
1001,2025-04-05 14:58:11,19.47,46.77,BuildingB_Floor1,TypeC
1046,2025-04-07 08:35:20,28.28,47.47,BuildingB_Floor2,TypeC
1099,2025-04-09 04:25:35,21.86,44.86,BuildingB_Floor1,TypeB
1096,2025-04-10 07:29:34,24.69,57.37,BuildingA_Floor2,TypeA
1041,2025-04-10 07:31:24,30.8,78.62,BuildingB_Floor2,TypeB
1073,2025-04-07 05:15:07,19.98,51.6,BuildingA_Floor2,TypeC
1077,2025-04-10 14:20:53,24.73,79.07,BuildingB_Floor1,TypeC
1068,2025-04-08 00:49:00,17.7,44.16,BuildingB_Floor2,TypeC
1045,2025-04-09 14:02:26,18.31,77.39,BuildingA_Floor1,TypeB
1014,2025-04-06 06:49:54,21.33,41.37,BuildingA_Floor2,TypeB
1004,2025-04-08 07:33:55,26.11,37.98,BuildingB_Floor2,TypeA
1018,2025-04-08 03:11:48,19.49,58.26,BuildingA_Floor1,TypeA
1083,2025-04-07 03:14:17,26.58,57.04,BuildingA_Floor1,TypeC
1093,2025-04-10 10:45:49,32.34,37.63,BuildingA_Floor2,TypeC
1065,2025-04-10 13:52:06,18.09,47.05,BuildingA_Floor1,TypeA
1051,2025-04-07 05:21:54,22.53,75.07,BuildingA_Floor1,TypeA
1004,2025-04-06 04:28:38,15.13,33.85,BuildingB_Floor2,TypeA
1007,2025-04-06 01:58:04,24.3,59.28,BuildingB_Floor1,TypeC
1046,2025-04-07 08:39:46,29.26,63.78,BuildingB_Floor1,TypeC
1017,2025-04-09 18:57:59,34.69,57.49,BuildingA_Floor1,TypeC
1034,2025-04-07 21:50:09,27.66,52.92,BuildingA_Floor2,TypeA
1044,2025-04-10 08:27:23,29.32,58.33,BuildingB_Floor1,TypeC
1007,2025-04-07 10:17:54,15.72,78.73,BuildingB_Floor1,TypeB
1081,2025-04-08 23:21:00,17.49,59.29,BuildingA_Floor1,TypeC
1003,2025-04-09 19:58:16,34.59,73.87,BuildingA_Floor2,TypeB
1060,2025-04-08 20:16:19,21.31,40.84,BuildingB_Floor1,TypeA
1027,2025-04-08 05:48:31,24.08,54.3,BuildingB_Floor1,TypeB
1079,2025-04-07 04:20:51,21.21,70.38,BuildingB_Floor1,TypeA
1051,2025-04-06 10:39:44,18.81,74.52,BuildingB_Floor2,TypeB
1074,2025-04-08 21:30:38,26.99,71.43,BuildingB_Floor1,TypeB
1007,2025-04-09 04:39:30,21.58,46.61,BuildingB_Floor1,TypeA
1006,2025-04-07 17:10:22,23.67,44.55,BuildingB_Floor2,TypeC
1053,2025-04-09 18:24:42,26.61,43.19,BuildingB_Floor1,TypeB
1078,2025-04-07 21:15:04,18.89,52.69,BuildingB_Floor2,TypeB
1092,2025-04-07 22:31:11,24.69,70.86,BuildingB_Floor2,TypeC
1025,2025-04-08 19:06:21,34.79,31.36,BuildingB_Floor2,TypeC
1022,2025-04-07 22:45:41,20.81,77.64,BuildingA_Floor2,TypeC
1088,2025-04-05 16:53:03,19.03,69.51,BuildingB_Floor2,TypeB
1083,2025-04-06 17:20:56,23.81,76.32,BuildingB_Floor2,TypeB
1057,2025-04-07 15:07:45,27.85,76.12,BuildingB_Floor2,TypeB
1025,2025-04-07 14:48:10,25.76,61.53,BuildingB_Floor2,TypeA
1077,2025-04-07 20:22:27,25.74,39.67,BuildingA_Floor1,TypeB
1047,2025-04-09 23:15:30,26.77,52.14,BuildingA_Floor1,TypeA
1077,2025-04-08 19:15:40,32.8,32.49,BuildingA_Floor2,TypeC
1069,2025-04-07 08:27:33,27.94,76.24,BuildingA_Floor1,TypeA
1053,2025-04-08 11:54:51,25.12,54.55,BuildingA_Floor1,TypeC
1030,2025-04-05 16:43:18,33.86,35.5,BuildingB_Floor1,TypeB
1072,2025-04-09 08:38:28,19.24,51.75,BuildingB_Floor1,TypeA
1045,2025-04-08 20:51:05,21.6,43.25,BuildingB_Floor1,TypeB
1035,2025-04-09 07:07:43,17.49,32.76,BuildingB_Floor2,TypeA
1044,2025-04-10 06:08:30,21.83,52.89,BuildingA_Floor2,TypeB
1021,2025-04-08 20:40:02,22.41,68.68,BuildingB_Floor1,TypeA
1045,2025-04-08 07:07:25,31.29,76.6,BuildingB_Floor2,TypeA
1028,2025-04-07 07:07:48,31.83,36.62,BuildingB_Floor1,TypeC
1005,2025-04-09 21:52:02,26.54,53.73,BuildingA_Floor1,TypeA
1096,2025-04-08 06:31:06,19.11,79.75,BuildingA_Floor1,TypeB
1057,2025-04-07 00:29:10,23.11,52.26,BuildingA_Floor2,TypeA
1077,2025-04-09 04:18:24,27.72,62.43,BuildingB_Floor1,TypeA
1042,2025-04-09 13:41:38,27.46,62.12,BuildingA_Floor2,TypeC
1076,2025-04-09 22:14:13,16.84,58.69,BuildingB_Floor2,TypeB
1030,2025-04-06 20:56:05,17.98,49.16,BuildingA_Floor1,TypeA
1009,2025-04-07 22:17:56,28.87,36.2,BuildingB_Floor1,TypeC
1078,2025-04-10 12:55:41,26.36,42.36,BuildingA_Floor2,TypeB
1093,2025-04-09 12:02:42,30.86,59.84,BuildingB_Floor2,TypeC
1044,2025-04-06 09:17:36,16.02,44.63,BuildingB_Floor2,TypeB
1061,2025-04-08 17:14:00,27.41,33.52,BuildingA_Floor1,TypeA
1080,2025-04-08 01:13:46,33.96,52.08,BuildingB_Floor2,TypeB
1076,2025-04-06 03:11:21,20.72,38.93,BuildingB_Floor2,TypeB
1055,2025-04-08 03:50:56,26.97,33.9,BuildingB_Floor2,TypeC
1039,2025-04-06 12:08:46,28.96,58.59,BuildingB_Floor1,TypeA
1078,2025-04-08 13:27:05,18.93,44.54,BuildingB_Floor1,TypeA
1050,2025-04-06 20:14:38,25.25,49.08,BuildingB_Floor1,TypeB
1002,2025-04-08 12:36:42,22.53,50.44,BuildingB_Floor2,TypeB
1014,2025-04-06 22:34:41,29.64,79.97,BuildingA_Floor2,TypeB
1085,2025-04-08 22:23:56,20.9,45.15,BuildingA_Floor1,TypeA
1059,2025-04-08 09:49:50,32.89,36.85,BuildingB_Floor1,TypeC
1061,2025-04-09 13:03:08,15.54,47.29,BuildingB_Floor1,TypeC
1099,2025-04-06 04:57:02,23.28,62.44,BuildingB_Floor1,TypeB
1039,2025-04-07 06:17:19,26.64,72.46,BuildingA_Floor1,TypeB
1012,2025-04-07 01:12:10,32.58,68.49,BuildingA_Floor2,TypeB
1066,2025-04-09 04:23:24,17.82,55.87,BuildingA_Floor1,TypeB
1070,2025-04-06 10:05:22,32.14,69.66,BuildingB_Floor1,TypeC
1068,2025-04-08 07:16:43,24.29,62.67,BuildingA_Floor1,TypeA
1019,2025-04-07 19:26:07,19.78,53.41,BuildingA_Floor2,TypeB
1026,2025-04-06 17:21:54,33.06,45.34,BuildingA_Floor1,TypeB
1008,2025-04-10 04:12:16,19.64,47.63,BuildingA_Floor2,TypeB
1008,2025-04-07 16:18:24,30.42,49.8,BuildingB_Floor2,TypeC
1023,2025-04-05 23:38:08,16.91,62.43,BuildingB_Floor1,TypeA
1070,2025-04-10 03:00:44,16.13,42.52,BuildingA_Floor1,TypeA
1052,2025-04-07 21:47:51,23.62,75.31,BuildingB_Floor2,TypeA
1091,2025-04-07 08:02:59,23.19,61.3,BuildingA_Floor2,TypeA
1064,2025-04-05 15:45:11,33.08,35.17,BuildingB_Floor1,TypeB
1058,2025-04-07 07:33:15,17.73,55.19,BuildingA_Floor2,TypeC
1074,2025-04-08 06:20:34,22.83,58.93,BuildingB_Floor1,TypeB
1062,2025-04-09 05:36:14,17.64,30.53,BuildingA_Floor1,TypeC
1001,2025-04-05 22:02:35,34.9,63.04,BuildingB_Floor1,TypeB
1081,2025-04-09 10:51:42,15.43,39.98,BuildingB_Floor1,TypeA
1023,2025-04-09 16:20:31,22.63,53.2,BuildingA_Floor1,TypeB
1098,2025-04-08 17:29:07,30.3,50.22,BuildingA_Floor2,TypeA
1039,2025-04-08 13:35:45,19.48,47.95,BuildingA_Floor2,TypeB
1027,2025-04-07 09:20:38,27.48,56.98,BuildingB_Floor2,TypeB
1086,2025-04-05 22:53:21,20.41,39.21,BuildingA_Floor1,TypeB
1058,2025-04-07 21:57:49,31.1,35.81,BuildingA_Floor1,TypeC
1037,2025-04-08 10:19:50,19.54,60.65,BuildingB_Floor2,TypeA
1027,2025-04-09 04:06:36,16.46,54.35,BuildingB_Floor2,TypeA
1071,2025-04-08 21:42:51,24.18,34.11,BuildingA_Floor2,TypeB
1019,2025-04-08 11:38:59,33.98,33.4,BuildingA_Floor2,TypeC
1098,2025-04-08 12:44:06,30.6,79.6,BuildingA_Floor2,TypeB
1089,2025-04-09 02:25:16,19.33,64.13,BuildingB_Floor2,TypeB
1016,2025-04-06 01:14:24,25.19,77.11,BuildingA_Floor2,TypeA
1050,2025-04-05 20:03:50,29.43,58.82,BuildingB_Floor1,TypeA
1085,2025-04-07 15:39:07,19.81,55.54,BuildingB_Floor2,TypeC
1057,2025-04-08 23:14:57,33.29,52.83,BuildingB_Floor2,TypeC
1040,2025-04-09 11:55:25,31.84,41.7,BuildingB_Floor2,TypeA
1071,2025-04-06 00:41:32,28.11,62.23,BuildingB_Floor2,TypeA
1048,2025-04-07 06:14:41,15.71,70.2,BuildingB_Floor1,TypeB
1082,2025-04-05 20:41:00,25.9,46.54,BuildingA_Floor1,TypeB
1087,2025-04-09 02:42:07,34.89,33.54,BuildingA_Floor2,TypeC
1061,2025-04-07 15:00:41,34.29,74.0,BuildingA_Floor2,TypeC
1020,2025-04-10 00:57:52,25.32,58.57,BuildingB_Floor2,TypeB
1060,2025-04-06 14:39:32,20.82,39.5,BuildingA_Floor1,TypeC
1036,2025-04-06 09:10:33,25.35,79.02,BuildingB_Floor2,TypeB
1065,2025-04-08 16:16:19,33.09,69.74,BuildingB_Floor2,TypeC
1036,2025-04-09 09:03:53,28.49,52.19,BuildingB_Floor2,TypeC
1068,2025-04-07 10:17:37,26.13,45.62,BuildingB_Floor1,TypeA
1097,2025-04-10 10:10:50,27.25,61.55,BuildingB_Floor1,TypeC
1087,2025-04-08 16:58:59,19.17,66.19,BuildingB_Floor1,TypeB
1014,2025-04-05 22:25:21,31.18,69.81,BuildingA_Floor2,TypeC
1032,2025-04-10 07:27:35,23.2,52.36,BuildingB_Floor2,TypeA
1051,2025-04-05 21:19:06,30.27,79.98,BuildingA_Floor1,TypeC
1011,2025-04-10 02:39:32,18.42,70.18,BuildingA_Floor1,TypeB
1022,2025-04-06 00:44:19,17.7,73.18,BuildingB_Floor2,TypeA
1013,2025-04-08 20:00:47,20.83,67.79,BuildingB_Floor2,TypeC
1088,2025-04-05 18:28:25,31.32,63.88,BuildingB_Floor2,TypeB
1039,2025-04-08 18:16:58,33.19,78.54,BuildingB_Floor1,TypeB
1098,2025-04-09 12:33:42,18.84,45.21,BuildingB_Floor1,TypeA
1095,2025-04-09 12:09:31,34.08,34.69,BuildingB_Floor1,TypeB
1070,2025-04-08 18:03:53,26.66,68.8,BuildingA_Floor2,TypeC
1010,2025-04-07 18:05:17,34.88,70.74,BuildingA_Floor2,TypeA
1045,2025-04-06 02:09:12,33.33,57.66,BuildingA_Floor1,TypeB
1025,2025-04-08 03:48:04,32.01,62.84,BuildingB_Floor2,TypeB
1091,2025-04-09 03:19:05,34.04,76.25,BuildingB_Floor1,TypeA
1056,2025-04-09 01:26:31,16.36,36.84,BuildingB_Floor1,TypeC
1081,2025-04-07 06:55:17,19.15,61.21,BuildingB_Floor2,TypeA
1064,2025-04-09 20:04:27,34.44,67.6,BuildingB_Floor1,TypeC
1097,2025-04-07 03:48:58,25.18,72.97,BuildingB_Floor1,TypeA
1095,2025-04-06 00:55:46,26.97,57.21,BuildingB_Floor1,TypeA
1010,2025-04-08 00:11:25,15.87,66.63,BuildingB_Floor1,TypeB
1097,2025-04-09 20:51:18,21.4,64.32,BuildingA_Floor1,TypeC
1030,2025-04-07 20:05:10,22.2,73.57,BuildingB_Floor1,TypeB
1055,2025-04-09 02:28:41,21.49,55.8,BuildingB_Floor2,TypeA
1085,2025-04-07 19:55:40,25.96,61.34,BuildingB_Floor2,TypeA
1089,2025-04-06 06:58:31,15.51,62.63,BuildingB_Floor1,TypeA
1051,2025-04-07 16:29:10,28.58,44.54,BuildingA_Floor1,TypeC
1040,2025-04-05 21:49:32,29.62,61.91,BuildingA_Floor1,TypeA
1016,2025-04-07 17:18:24,29.74,69.34,BuildingB_Floor1,TypeA
1087,2025-04-10 06:42:14,27.77,31.08,BuildingA_Floor2,TypeB
1019,2025-04-06 00:33:46,16.9,76.71,BuildingB_Floor1,TypeB
1006,2025-04-05 15:54:23,27.33,69.85,BuildingB_Floor1,TypeB
1032,2025-04-07 19:27:22,24.58,65.4,BuildingB_Floor2,TypeB
1068,2025-04-07 04:55:58,15.83,49.14,BuildingA_Floor2,TypeA
1032,2025-04-08 09:46:08,32.08,75.57,BuildingB_Floor2,TypeB
1017,2025-04-10 06:49:36,28.57,54.18,BuildingA_Floor2,TypeA
1078,2025-04-08 06:49:04,27.15,44.61,BuildingA_Floor1,TypeB
1030,2025-04-09 11:22:30,18.1,52.03,BuildingB_Floor1,TypeA
1091,2025-04-08 00:34:51,16.09,36.26,BuildingB_Floor1,TypeB
1086,2025-04-08 01:02:07,21.97,73.93,BuildingA_Floor2,TypeA
1018,2025-04-08 03:50:07,32.6,30.02,BuildingA_Floor2,TypeC
1042,2025-04-08 03:58:23,32.32,39.95,BuildingA_Floor1,TypeC
1090,2025-04-06 07:16:51,27.4,54.35,BuildingB_Floor2,TypeB
1077,2025-04-09 05:02:36,18.32,32.18,BuildingA_Floor2,TypeB
1042,2025-04-07 05:30:44,26.68,46.88,BuildingB_Floor1,TypeC
1007,2025-04-10 08:36:03,23.11,44.02,BuildingA_Floor2,TypeB
1094,2025-04-10 13:56:37,25.69,37.27,BuildingB_Floor2,TypeB
1066,2025-04-10 03:12:27,22.4,61.9,BuildingA_Floor2,TypeB
1035,2025-04-07 13:09:42,17.03,72.4,BuildingA_Floor2,TypeA
1079,2025-04-09 10:45:10,16.14,42.34,BuildingA_Floor2,TypeC
1038,2025-04-09 08:08:46,18.06,35.01,BuildingA_Floor1,TypeB
1098,2025-04-07 22:09:40,30.29,72.52,BuildingA_Floor1,TypeB
1078,2025-04-08 23:36:37,34.89,46.84,BuildingB_Floor1,TypeC
1041,2025-04-06 16:21:13,32.77,46.53,BuildingB_Floor2,TypeA
1048,2025-04-08 16:31:15,24.92,47.25,BuildingB_Floor2,TypeA
1046,2025-04-06 16:14:11,16.32,54.92,BuildingB_Floor1,TypeB
1099,2025-04-06 05:04:09,32.49,44.55,BuildingB_Floor2,TypeA
1014,2025-04-08 02:02:46,15.53,55.9,BuildingA_Floor2,TypeA
1074,2025-04-09 20:20:45,33.6,33.5,BuildingA_Floor1,TypeB
1005,2025-04-07 11:56:53,22.05,61.23,BuildingA_Floor1,TypeA
1099,2025-04-08 11:52:52,15.5,49.19,BuildingA_Floor2,TypeB
1019,2025-04-10 04:38:57,17.74,30.8,BuildingA_Floor1,TypeB
1100,2025-04-06 21:02:30,26.98,33.52,BuildingA_Floor2,TypeC
1090,2025-04-05 14:51:46,27.79,62.9,BuildingB_Floor1,TypeA
1009,2025-04-07 12:28:32,19.75,56.49,BuildingB_Floor1,TypeA
1033,2025-04-08 02:22:46,18.39,48.84,BuildingA_Floor2,TypeA
1071,2025-04-08 22:19:47,28.67,31.23,BuildingB_Floor2,TypeA
1063,2025-04-07 04:01:48,28.31,38.31,BuildingA_Floor1,TypeA
1033,2025-04-07 22:06:01,23.49,42.28,BuildingA_Floor1,TypeB
1026,2025-04-06 04:10:07,32.84,34.98,BuildingA_Floor1,TypeB
1064,2025-04-09 00:05:27,34.62,46.89,BuildingB_Floor1,TypeA
1045,2025-04-10 02:09:35,29.86,59.34,BuildingA_Floor2,TypeA
1012,2025-04-10 13:28:09,27.83,74.43,BuildingB_Floor1,TypeA
1035,2025-04-10 08:30:54,16.66,34.24,BuildingB_Floor2,TypeA
1070,2025-04-07 08:14:55,19.41,53.96,BuildingA_Floor2,TypeA
1032,2025-04-07 05:58:33,27.47,64.05,BuildingA_Floor2,TypeA
1048,2025-04-06 01:00:13,34.71,66.15,BuildingB_Floor2,TypeC
1085,2025-04-08 05:19:56,32.97,69.93,BuildingA_Floor1,TypeC
1017,2025-04-09 06:52:42,16.19,40.42,BuildingB_Floor1,TypeA
1034,2025-04-10 01:33:54,26.05,57.63,BuildingB_Floor1,TypeA
1056,2025-04-07 10:34:59,31.3,67.42,BuildingA_Floor2,TypeC
1091,2025-04-10 14:21:34,34.24,38.34,BuildingB_Floor1,TypeA
1039,2025-04-07 18:19:13,25.54,43.46,BuildingB_Floor2,TypeB
1060,2025-04-07 03:43:21,33.83,41.96,BuildingA_Floor1,TypeC
1025,2025-04-07 19:24:13,23.01,73.58,BuildingB_Floor1,TypeC
1054,2025-04-10 14:25:19,15.87,38.06,BuildingA_Floor2,TypeC
1077,2025-04-06 15:48:14,20.11,67.62,BuildingA_Floor2,TypeB
1074,2025-04-10 12:11:41,34.34,46.59,BuildingB_Floor2,TypeC
1048,2025-04-10 03:02:20,34.36,33.21,BuildingA_Floor1,TypeC
1079,2025-04-06 10:21:21,23.42,31.86,BuildingA_Floor2,TypeA
1098,2025-04-07 14:35:43,34.76,53.43,BuildingB_Floor2,TypeA
1025,2025-04-06 16:13:28,32.33,62.07,BuildingA_Floor1,TypeC
1063,2025-04-10 11:21:36,24.31,77.05,BuildingB_Floor1,TypeA
1083,2025-04-06 10:42:13,19.53,67.44,BuildingA_Floor2,TypeC
1081,2025-04-08 09:56:09,32.92,77.87,BuildingB_Floor2,TypeC
1022,2025-04-09 05:23:48,28.01,61.55,BuildingA_Floor1,TypeC
1076,2025-04-09 12:24:26,33.98,65.74,BuildingB_Floor2,TypeA
1038,2025-04-10 04:37:46,20.48,78.85,BuildingA_Floor2,TypeB
1060,2025-04-07 02:43:46,27.71,76.27,BuildingB_Floor2,TypeB
1069,2025-04-10 04:26:20,34.88,79.12,BuildingB_Floor2,TypeA
1011,2025-04-08 07:24:11,31.4,42.12,BuildingB_Floor1,TypeA
1022,2025-04-07 03:34:50,18.45,46.9,BuildingA_Floor2,TypeC
1002,2025-04-10 04:05:16,32.62,75.71,BuildingA_Floor2,TypeC
1066,2025-04-10 11:27:20,19.14,39.01,BuildingA_Floor2,TypeA
1081,2025-04-06 14:33:08,17.8,45.04,BuildingA_Floor1,TypeB
1016,2025-04-09 16:08:34,19.07,41.53,BuildingA_Floor1,TypeB
1001,2025-04-10 01:40:24,27.82,69.53,BuildingB_Floor1,TypeC
1062,2025-04-09 03:28:03,29.06,73.01,BuildingA_Floor1,TypeA
1081,2025-04-08 09:38:40,19.25,41.28,BuildingA_Floor1,TypeA
1096,2025-04-09 00:18:33,26.33,31.46,BuildingB_Floor2,TypeC
1013,2025-04-10 09:02:31,15.14,74.47,BuildingB_Floor1,TypeB
1072,2025-04-07 14:35:10,18.3,75.8,BuildingA_Floor2,TypeA
1043,2025-04-09 23:39:29,32.84,70.92,BuildingA_Floor2,TypeB
1086,2025-04-10 14:14:07,20.62,47.18,BuildingB_Floor2,TypeB
1073,2025-04-06 08:47:41,18.32,30.28,BuildingB_Floor2,TypeB
1084,2025-04-06 04:14:04,25.65,40.47,BuildingA_Floor2,TypeC
1069,2025-04-09 11:09:59,23.54,31.93,BuildingA_Floor2,TypeC
1041,2025-04-06 16:55:13,28.9,42.03,BuildingB_Floor1,TypeB
1057,2025-04-07 11:12:18,16.1,32.66,BuildingB_Floor1,TypeA
1048,2025-04-06 14:50:03,32.03,70.59,BuildingA_Floor2,TypeA
1023,2025-04-07 01:09:39,23.85,63.23,BuildingA_Floor2,TypeC
1023,2025-04-05 15:21:54,25.69,30.79,BuildingB_Floor1,TypeB
1089,2025-04-09 20:01:29,33.43,59.66,BuildingB_Floor1,TypeC
1064,2025-04-06 15:26:36,21.63,43.38,BuildingA_Floor1,TypeA
1097,2025-04-09 22:41:07,26.95,78.71,BuildingA_Floor1,TypeA
1090,2025-04-06 10:17:11,22.75,56.91,BuildingA_Floor2,TypeA
1076,2025-04-07 11:54:57,28.67,62.55,BuildingB_Floor1,TypeB
1028,2025-04-06 09:16:50,18.77,43.92,BuildingB_Floor2,TypeA
1069,2025-04-08 18:27:26,16.6,58.65,BuildingA_Floor2,TypeC
1048,2025-04-09 11:27:27,34.43,35.74,BuildingA_Floor2,TypeB
1036,2025-04-06 10:34:07,15.35,45.8,BuildingA_Floor2,TypeA
1069,2025-04-10 06:45:50,24.4,59.76,BuildingB_Floor2,TypeB
1034,2025-04-10 12:41:54,21.33,69.17,BuildingA_Floor1,TypeB
1009,2025-04-08 08:56:55,19.34,67.01,BuildingA_Floor1,TypeB
1036,2025-04-10 07:54:15,20.41,57.8,BuildingA_Floor1,TypeA
1067,2025-04-08 22:51:30,28.38,38.43,BuildingB_Floor1,TypeB
1061,2025-04-06 13:57:51,30.28,50.06,BuildingA_Floor2,TypeB
1033,2025-04-08 04:41:37,20.68,43.64,BuildingB_Floor2,TypeB
1073,2025-04-05 17:30:05,24.03,49.51,BuildingB_Floor2,TypeC
1063,2025-04-10 14:08:19,24.66,51.18,BuildingA_Floor2,TypeA
1039,2025-04-08 18:52:33,23.35,31.16,BuildingA_Floor1,TypeB
1012,2025-04-07 14:28:07,19.12,51.12,BuildingB_Floor1,TypeB
1044,2025-04-06 16:30:39,31.06,76.39,BuildingA_Floor1,TypeA
1079,2025-04-08 14:22:19,23.92,59.01,BuildingA_Floor1,TypeB
1041,2025-04-07 12:59:16,28.18,45.98,BuildingB_Floor2,TypeB
1049,2025-04-08 12:59:30,15.34,58.64,BuildingA_Floor1,TypeB
1010,2025-04-07 19:43:41,33.37,74.25,BuildingA_Floor1,TypeB
1058,2025-04-06 05:22:55,22.3,52.08,BuildingB_Floor1,TypeC
1030,2025-04-05 16:15:27,27.76,57.61,BuildingB_Floor2,TypeC
1044,2025-04-08 04:11:58,20.69,68.9,BuildingB_Floor2,TypeC
1070,2025-04-06 22:34:26,23.14,36.27,BuildingB_Floor1,TypeA
1099,2025-04-05 22:50:43,26.12,30.01,BuildingB_Floor2,TypeA
1016,2025-04-05 22:49:41,26.22,68.91,BuildingA_Floor2,TypeB
1090,2025-04-06 08:04:47,19.31,40.21,BuildingA_Floor2,TypeA
1070,2025-04-06 06:08:07,22.84,36.01,BuildingA_Floor2,TypeA
1073,2025-04-08 16:58:37,28.98,61.74,BuildingA_Floor2,TypeA
1026,2025-04-06 04:47:32,28.09,69.47,BuildingA_Floor1,TypeB
1089,2025-04-09 19:15:33,24.33,64.95,BuildingA_Floor2,TypeA
1032,2025-04-10 02:46:37,15.28,44.39,BuildingB_Floor1,TypeA
1061,2025-04-06 16:14:08,21.48,40.29,BuildingA_Floor2,TypeB
1036,2025-04-10 11:29:47,15.88,53.49,BuildingB_Floor1,TypeC
1065,2025-04-09 19:57:23,18.91,58.92,BuildingB_Floor1,TypeB
1019,2025-04-09 20:05:12,31.37,41.25,BuildingA_Floor1,TypeA
1013,2025-04-08 19:08:39,21.69,66.03,BuildingA_Floor2,TypeC
1024,2025-04-08 12:35:26,30.22,62.16,BuildingA_Floor1,TypeC
1016,2025-04-09 18:24:04,19.47,42.12,BuildingA_Floor1,TypeC
1005,2025-04-07 01:57:07,21.96,37.62,BuildingA_Floor1,TypeA
1001,2025-04-06 14:31:08,28.03,43.81,BuildingB_Floor1,TypeA
1058,2025-04-08 17:43:57,33.1,38.11,BuildingB_Floor1,TypeB
1026,2025-04-09 07:59:55,34.99,57.54,BuildingA_Floor2,TypeC
1060,2025-04-08 04:50:24,28.99,53.0,BuildingB_Floor2,TypeA
1051,2025-04-06 13:53:48,27.62,49.06,BuildingB_Floor1,TypeB
